URL,Last crawled
https://topcryptocards.eu/fr/avis/deblock-card,2026-07-11
https://topcryptocards.eu/it/recensioni/deblock-card,2026-07-11
https://topcryptocards.eu/es/opiniones/deblock-card,2026-07-11
https://topcryptocards.eu/en/reviews/crypto-com-card,2026-07-11
https://topcryptocards.eu/es/opiniones/crypto-com-card,2026-07-11
https://topcryptocards.eu/it/recensioni/crypto-com-card,2026-07-11
https://topcryptocards.eu/de/bewertungen/crypto-com-card,2026-07-11
https://topcryptocards.eu/fr/avis/crypto-com-card,2026-07-11
https://topcryptocards.eu/it/recensioni/coinbase-card,2026-07-11
https://topcryptocards.eu/es/opiniones/coinbase-card,2026-07-09
https://topcryptocards.eu/fr/avis/coinbase-card,2026-07-09
https://topcryptocards.eu/at/marken,2026-07-09
https://topcryptocards.eu/at/bewertungen,2026-07-09
https://topcryptocards.eu/at/krypto-karten-gebuehren,2026-07-09
https://topcryptocards.eu/at/vergleich,2026-07-09
https://topcryptocards.eu/at/krypto-karte-cashback,2026-07-09
https://topcryptocards.eu/at/beste-krypto-karte,2026-07-09
https://topcryptocards.eu/at/krypto-karte-oesterreich,2026-07-08
https://topcryptocards.eu/be/marques,2026-07-08
https://topcryptocards.eu/be/comparer,2026-07-08
https://topcryptocards.eu/be/carte-crypto-cashback,2026-07-08
https://topcryptocards.eu/be/frais-cartes-crypto,2026-07-08
https://topcryptocards.eu/be/carte-crypto-belgique,2026-07-08
https://topcryptocards.eu/be/meilleure-carte-crypto,2026-07-08
https://topcryptocards.eu/es/opiniones/bybit-card,2026-07-07
https://topcryptocards.eu/it/recensioni/bybit-card,2026-07-07
https://topcryptocards.eu/fr/avis/bybit-card,2026-07-07
https://topcryptocards.eu/en/reviews/brighty-card,2026-07-07